x,y,label
9.264448443090668,10.694248735611875,1
4.198133660569423,12.39422450919514,1
7.818551237587258,13.184977659665424,1
10.01510173682939,1.5481714710941263,1
10.50975880561677,8.603503446312214,1
2.125238537624226,-1.1526661780933303,1
8.083238899352319,11.217662645342845,1
11.072863410916963,1.034093061166807,1
0.6121838613568027,15.703463358036137,1
3.2194360867117693,0.005791974071288841,1
-3.3858268294964997,4.339621379978935,1
8.93780592300423,-0.7214808237027261,1
7.831918805335745,13.658380346682762,1
10.251209613054261,10.143467412856154,1
9.771171814263486,8.238271796862243,1
7.604363116674721,10.490671298600663,1
9.541234584432786,13.369563436773443,1
1.7928149825140363,-1.332653335337545,1
-1.0284082371634335,1.7812075775642313,1
4.320371816257,4.899063150410978,1
-1.0619765093358344,1.3352440459857018,1
6.066515878535451,11.965934501994683,1
8.828292281870096,1.6920868564136908,1
1.9877235012343424,12.528064009091075,1
12.563058887962182,9.492319585623765,1
3.1288268253745914,5.91039731600603,1
7.22868857053921,15.760420677498447,1
6.650012381237516,7.55195125390046,1
9.698333817638076,8.64201175523481,1
12.472176003998658,4.364700668664211,1
2.6240554678968513,7.571630147523404,1
14.820265467191891,5.748555245276119,1
3.9894853446115555,3.4628833983704053,1
-0.6714062744088825,5.138421750234954,1
5.224409599005839,11.504111664380492,1
6.992240248936501,-1.8929157326496515,1
9.189017988881833,13.119418037381982,1
6.911150028781668,6.654704720613123,1
8.055087396737324,0.3927790653041523,1
12.27180489829879,4.767648546487383,1
5.575483167274003,12.414498923271584,1
5.070309776942135,4.221706385429296,1
6.319918619053522,13.328274167584674,1
0.6970654346776834,2.341797384959385,1
3.8262196524295957,11.200832872311807,1
4.076425130835943,4.835166004021688,1
-2.249857568129073,12.898633239044049,1
5.1002366497841,4.942676743583268,1
0.8948364946617726,5.5526079837754985,1
6.736614569344459,2.5788893483464506,1
-2.250575424461089,5.449587771417064,1
1.760538633816163,0.4972261616091789,1
10.700916520224492,14.384437741171071,1
-4.576908900790828,7.956250466701942,1
4.406402159505323,13.866246134416915,1
5.677029810594419,14.227583975043014,1
5.344282761320646,0.24453855021718685,1
-3.989685833074187,11.073868783284471,1
0.2501047962159566,0.7391966397610279,1
4.296732619492584,9.07050630146298,1
4.856764684484908,5.27538910458268,1
11.569360933364315,14.044311001246008,1
-3.149119619997048,1.8374080162673057,1
-0.44733686488453284,0.8513343117447274,1
0.5137475810717298,4.981145218710116,1
10.674328467106454,2.7280536177702617,1
9.75501033277807,1.875339837572076,1
4.823226620052056,2.1155931457621264,1
-2.89401463799759,10.554971504849444,1
4.406400452262769,13.606693943388578,1
0.6015144378162613,4.8168691148042795,1
5.645036794495284,7.801190617222816,1
8.107355076752185,13.236970733269349,1
8.831226924043408,10.687937421598036,1
11.882625563757895,1.6224795983329745,1
3.385122024077662,7.782981362308133,1
8.36582765683914,15.723096480905086,1
1.815613513675994,1.8522390063639689,1
-2.314631085109511,4.196076652754871,1
9.586454393906099,4.236981979922911,1
-2.7749960264574725,4.951656213246377,1
3.3835045454628325,1.264310866092667,1
-2.2265873286105924,6.065844243239922,1
13.495963031493016,3.5079740933854175,1
12.659205523473304,12.857649361252118,1
5.686060127330837,8.84038638729498,1
5.940533683277803,3.061211567649212,1
2.859384324555226,16.471914607290326,1
-2.545100890931109,11.617543800215728,1
3.5349146146234496,11.180146492245186,1
3.445269252410739,2.0473647518383826,1
-4.183046807471646,9.389224774884974,1
10.76998890359806,12.129093901884513,1
13.811737289488503,5.041938502227383,1
6.60000946207859,-0.5891988892069913,1
11.618008225934226,5.230245284246757,1
9.061992168267382,9.564643238213225,1
6.644393334020688,1.7085463850877431,1
2.80430260997952,-2.5180055358312803,1
5.360112133504176,11.097970877100558,1
10.300711385821863,5.113035829162604,1
3.731402245541849,6.439752097068212,1
7.35267163463414,3.237095580942747,1
-1.377546155614696,2.667154571323314,1
13.50239669253728,11.19274636648285,1
0.9493965028134586,6.699508243135328,1
8.171180164362832,11.534674134683238,1
-3.9545072700843917,4.987933777337192,1
2.4668366844112097,-1.9326476749047021,1
12.93248017120117,10.989512463187427,1
11.149965207816841,10.64543174091366,1
4.074393352900477,4.037296678363534,1
8.362102018198545,0.27222995940799066,1
-1.8010202961177457,9.09986287384289,1
8.035251421693964,12.609034019415647,1
9.047407677984367,12.782300466744655,1
-0.7547582883989614,14.178212695612554,1
12.55438295983845,13.09107800237884,1
-4.4374064326791505,6.0380972565392135,1
5.478054163685843,5.823807084715004,1
8.716521265640877,-2.256418639526549,1
5.07130600336515,8.688861872014586,1
-1.784027930274597,8.363083975143383,1
4.264745570775561,2.759568151788172,1
13.994223757386196,6.859142943347785,1
2.127605011041268,-1.0959604539675798,1
2.854238783180068,-0.13044641882933572,1
-1.0070087449516425,7.774181095507244,1
4.916900726359248,15.618203753105268,1
4.173673817926617,0.7972071217927672,1
12.499852505977405,10.413245290537885,1
-1.3169300681622556,-0.2589030200850564,1
13.075305279817286,5.860117215462244,1
0.4393303272752611,-1.0284080400842868,1
4.859180720270064,12.790399767306617,1
5.331330565061916,1.5507365241455835,1
11.24091471855818,12.419412739414824,1
8.896334994266015,9.456599452130924,1
-2.306055449780801,5.980294242633481,1
7.620579885096977,-2.5974952682449484,1
5.212282487750588,-0.44294151696288164,1
6.275798966496862,13.735264029852445,1
7.531003655716795,14.283932959522819,1
-1.3620712232735235,13.45155360087742,1
5.084680492358552,8.435659414726901,1
-1.916256077871295,1.4558045784378928,1
3.1667713061963516,-2.4755597124228856,1
4.342716572337592,11.179289347428975,1
1.6264694496800303,16.366626330480866,1
12.056488930978254,0.5989267879506048,1
4.672559875855681,10.629261269689486,1
-3.0733138983736854,11.476427695734579,1
2.3787817042565003,5.828652136945338,1
-3.8997322102696614,2.569410669531143,1
10.394160161141228,13.663267321281172,1
12.757312234421954,5.183620164439503,1
13.391653621527714,8.333351074231304,1
8.812989056503639,13.260580975781178,1
10.371789466239498,9.575432083427232,1
12.878496317168466,6.502408662864491,1
-3.8341189742687867,6.645648557034771,1
10.910729147505343,3.5954840876586927,1
0.23294797760183972,11.289583186349208,1
14.758634816800669,8.50590572178055,1
7.300647077632332,7.627849332958087,1
12.104203066080789,4.479299765572854,1
12.37367894026528,9.615642613923246,1
3.425448554291724,12.220716287303503,1
11.478074668726205,3.615013852575527,1
0.2568549111595102,7.754282691956319,1
10.317304438211483,9.940193202045357,1
10.681127221150579,2.7121014083356725,1
3.4757299042315166,-1.7418774065859317,1
4.333805482680252,12.605282416346231,1
1.7593952941430642,12.09176030655688,1
10.119655971457975,1.1382506703153235,1
0.5384652601758226,2.467233924516159,1
6.7339254331149725,13.361199579743712,1
11.496501043348735,6.2897993814032285,1
10.298073373178745,13.89052649181464,1
13.65119093433575,6.838172966508946,1
8.48255183830278,3.5923349473381894,1
5.7065730204335505,16.37391768579122,1
8.507970056467189,-0.8892277946105889,1
8.05460518201151,14.583802757250872,1
2.1646789487810576,11.997466143751979,1
8.575711830061444,5.194842066559549,1
3.4714667194853464,12.644945571753308,1
-1.793298226203401,0.0707334773497017,1
5.250229179430399,14.801536810133946,1
-2.6873841817962845,2.0157680698287823,1
1.2536210359408595,5.010229471801003,1
6.3298289310620826,15.1928117740157,1
-2.048542033004482,13.650805720584579,1
3.38170016370675,3.802571637653517,1
7.63018506270847,3.478140851217209,1
8.862531403407399,12.940811085849596,1
-1.3906290284482479,10.472764828738281,1
9.602221286296018,9.392238973694312,1
9.035132545970445,13.945626227099519,1
2.8155805292835563,2.3249468529008253,1
-4.460220627641355,6.006100745191649,1
-2.3645770654795246,12.431613760162929,1
10.898421175981637,0.850921437330542,1
-2.2820885570359435,1.771456889676485,1
-2.8133630226829496,11.553026980825779,1
-2.3246125120524965,6.219501181646976,1
4.185509801492309,6.541493438061352,1
0.9759215485780821,14.064669213447132,1
12.8782535360398,11.407295674448221,1
-2.6315566513473856,6.19475232134294,1
2.8375369874780128,15.79620940872346,1
-4.125358751602164,10.190287580835378,1
0.6439940695944735,0.9429317408989304,1
5.789249210721897,4.9272432974290865,1
2.2178832480058657,5.231306878202436,1
-0.22459956712390028,15.272554593312032,1
4.917036214071712,-1.7617581256047732,1
-3.389330238209846,3.797499484781798,1
12.349534835166281,4.521486906832944,1
-1.266767591581468,4.332327909019469,1
-1.886491511445354,7.595680868396931,1
8.284128430780523,8.002997362620464,1
10.767137821560105,10.669369553522653,1
10.45073041203951,14.499800796015514,1
13.674801366290765,2.2598269709075343,1
-1.345004783473895,12.956549973915514,1
12.38548774711865,4.63613272116914,1
-1.2949577815169064,1.808343496596481,1
7.244613109224721,4.0267810351961195,1
-0.2589318388926358,14.513995715563706,1
-2.77045131009839,5.8548899184739485,1
9.86674938237974,10.583853481887795,1
1.3832340494866808,0.3330565926169875,1
3.629308742685997,15.249820772931033,1
7.33580423843445,9.061382218441473,1
4.424331768121762,-1.1184101236563055,1
3.4762568294355374,1.169488318364758,1
3.093251630665489,5.1670394396901695,1
4.5855499108398465,0.8349188063703741,1
2.374987505385289,0.8716536317761898,1
7.626343033046415,-2.219434464162397,1
7.894670252653187,9.30438338149371,1
11.545299498325438,3.871719148570014,1
5.681473656027128,15.948681847005194,1
-0.6583964734359311,6.1093073964090445,1
1.3350723296046785,-2.2481456992495197,1
0.8974451917212383,9.553743445580329,1
3.44294989705653,15.367254335472152,1
5.353796245182944,2.2079549909610607,1
9.211826494783367,3.398154760873202,1
-2.2811256479407973,2.004666914594189,1
1.3211012686309633,0.1580238879185183,1
3.7304218328884917,13.279600579709365,1
0.03544677681850317,11.70805831150006,1
5.957618102847876,7.755105761580438,1
-0.7923517808722389,12.49702815635223,1
1.4253562757172107,5.590358847479815,1
13.084568378365061,4.691546688308225,1
10.382304014449868,5.3779092936227375,1
5.815068346721801,11.675647916635418,1
13.403318221559031,2.4990820965326366,1
6.907766951633473,3.7715354168451016,1
8.66788472896291,5.775933037058897,1
1.1799017593046939,5.813770165886662,1
4.072542303372896,13.089883900058314,1
5.254334270468511,3.6480591415886683,1
-4.112185159386115,8.173745247923678,1
4.532939067159989,7.919682933927117,1
12.476108647252396,6.7514409382155,1
8.557318724008294,-1.0342104278755198,1
6.630292516684818,7.946521870493967,1
7.7478744675665965,7.778426896236545,1
7.3592042062746845,14.741714084472346,1
0.04706778397694311,8.784082765391362,1
1.0746459247100102,2.5495909821860936,1
0.8808103574434378,4.096531375834408,1
-2.2416271284800082,0.24478926918536104,1
14.13558658403909,7.081623850298842,1
10.31045331865191,0.4185503005978468,1
11.206584016989353,12.942646167151214,1
5.963817028736733,10.707077042798822,1
1.5159993918951846,4.858747984152464,1
10.403243247450028,1.6069981363265349,1
9.249001701360957,4.444010169903123,1
9.351063231818468,14.027198363209529,1
2.5346630001462644,-1.6904705919264682,1
12.367922495563928,9.98619922328531,1
-0.4565080613314896,10.092032568412932,1
7.438945629945416,15.07044474115921,1
3.3183442201502826,1.8294928145458735,1
4.865022533941928,10.52229438894647,1
-0.34608167284293856,4.708916376956383,1
5.072059243524162,0.8247041620717068,1
12.148570597404131,13.242947711318584,1
2.9824426162247084,3.464551525749788,1
6.419400284941741,4.7631981578247675,1
8.335646602660367,8.523845779845605,1
8.950539390134097,10.1549196845711,1
9.538506994666038,0.25723813213188507,1
-1.8383873023642305,9.19179766292415,1
5.687127158322261,13.507697847436031,1
2.355939217019558,1.0020460887257947,1
-0.3518611885654952,3.3234059029196206,1
-4.660805818280487,8.24442079922723,1
0.1108565252505942,6.575236094897479,1
0.8378826502250831,14.417298145932008,1
8.301266349276514,12.536822774487192,1
8.091707657209096,7.264732152377745,1
10.08365097711463,5.184389195682574,1
2.5307533004940006,15.806830888320695,1
0.5516729841244397,7.878510126095604,1
2.4173251771995754,9.570050942648676,1
14.252749809465612,8.036639013337641,1
2.9232964122255694,13.26643086466877,1
-4.319045926295663,7.579537068699345,1
8.333847782720975,1.2607750347385878,1
7.386280048377779,3.439057451098294,1
11.542912158017476,5.663530905347287,1
-3.750871288585653,10.621976208198614,1
5.400732857741659,6.27771708749547,1
14.003906511467475,3.8681192422402235,1
2.7308312055130397,13.544704921605703,1
8.270744414502321,13.45930310893863,1
1.7377138230018003,6.237663993823716,1
2.9509191742022174,8.855041351124632,1
4.58753784949474,9.075931060126317,1
9.73792773161037,9.456156631735887,1
12.602697455452754,12.133179141327311,1
2.7988739466890045,2.568290761528372,1
9.999074953076608,2.1056683871805664,1
4.61189603004521,6.090072128816091,1
12.50303327563688,10.531136464510006,1
0.11002932494940154,4.269692868991033,1
10.336014381971943,11.014285592005823,1
3.7553022756882335,2.621103694476372,1
9.02366608634182,7.164701568299924,1
10.20031307945882,10.402209482683837,1
1.4663641941209273,8.302413584438739,1
5.179067636394646,11.990740487920682,1
1.2418561426127672,9.325315069091136,1
-2.317055656574003,5.345190577394529,1
-2.514410671108261,11.60569376496066,1
-0.7306485108806795,10.506740095298772,1
-1.0522782086661815,11.62844644111423,1
-4.076122086979359,2.8824915613651934,1
3.7662260859411285,0.37808517413570897,1
3.103720739005469,14.490025126397814,1
11.602628391001485,2.0481508933967296,1
-1.9329443676562548,0.2860414772119366,1
-4.69364586635823,6.275463509909109,1
0.04567684077392009,3.854401210649158,1
6.841526872633128,13.283952320932201,1
-3.329031848853786,7.8668599429852835,1
0.7256956985029426,11.535357915233153,1
8.86413018677893,12.389441456726287,1
-2.956907361540182,9.24071399934677,1
-1.755216396001213,11.384757793413897,1
4.234550686795036,9.584902101128046,1
-0.14696571031803085,8.967353791560006,1
12.189229237350427,8.809765528510297,1
2.2929692096414884,0.5941317630356888,1
2.137075191141408,15.715652536337934,1
10.676648383085922,0.8014316646718953,1
2.3099362045086003,-0.6800339853016668,1
9.592764603471178,12.502138318852143,1
3.871103302071286,14.688869307582415,1
5.385460556715407,16.465070035914565,1
0.9979265240308388,0.5655255069760292,1
9.882600745467819,4.018014651814363,1
5.767333238079734,1.6594468678617043,1
-0.6946402495179953,14.031899200389825,1
2.1979039083241103,2.3238597130473044,1
9.967120559708281,5.006733049015322,1
11.269327529396971,6.419396561365604,1
8.06869497699558,12.945673124309188,1
0.8330524381366358,8.614575427158625,1
0.38213765153027257,9.693716185037882,1
-0.43362396495012323,11.213876001097438,1
4.282284095206764,12.548672995944079,1
-2.9663590908130857,6.509331594362357,1
17.587278856202772,19.22215038153466,2
-9.36970568623656,19.135475253219184,2
-15.474676424138895,4.725253015521126,2
14.992768973183757,21.27565115318596,2
-9.27353404265384,-8.7562322163303,2
23.0551388526448,9.409928152966184,2
-13.199507368655318,11.652927319620048,2
-5.958931593677233,-5.204321766058818,2
-4.705677819910726,-4.673383438223944,2
-15.222217048578258,12.92575448055456,2
-14.053584113775415,10.555173869388458,2
-15.45304379684902,8.435109801695098,2
9.08946935368548,24.166357019129457,2
21.871923256431657,4.0202597374304965,2
24.540794108613746,0.7101980683119891,2
11.779387901020655,-10.598258372997822,2
-8.85080217115837,-5.280763061302775,2
-3.379289564870035,-11.957839870325895,2
17.561722645496616,19.095187008023736,2
20.066757429941322,-4.31635179808514,2
8.620324805709625,20.833110036028295,2
18.805474615557582,-6.957526966273166,2
-16.281813160107433,11.950899481884498,2
21.979407811458326,-4.10069684785843,2
15.084704516048154,20.681538487640246,2
-8.173787338612911,12.233703500015547,2
4.531143303288588,-8.75702982394007,2
-2.4221308777712967,-6.674571131913476,2
22.066223130276068,3.826043386038121,2
26.425316913182836,2.2173083577630877,2
16.063298855791373,-5.263824236710441,2
-8.496643374313678,19.99183503699232,2
-13.095474322971647,7.67370897445936,2
22.1477743496359,3.5192248356392866,2
12.907632956746356,-4.2267193295851975,2
23.686528244249807,0.22713965232389732,2
-6.149956050974492,-3.1473413034067477,2
22.214962157090014,2.374300297473355,2
-8.800759422467092,13.319983690732332,2
-15.177974184102009,7.193721604423241,2
20.93602805280393,-5.240888121213887,2
12.867970884460505,22.33617325702819,2
14.447862361217494,-4.232877073988178,2
-13.324937727561757,-2.1720364859549797,2
-8.152040252806662,16.186998932448965,2
9.27107046643673,22.44060638364595,2
0.924127687574817,22.75614348566976,2
3.0776775459868553,-11.215764700499633,2
-12.957502339441483,0.3895920549494605,2
-5.119981676373511,-2.183517267228492,2
24.65063807119075,16.417306815694708,2
24.14018771835854,5.5369171513700035,2
2.4522407281446004,-13.17994239318923,2
-8.931366945063433,-5.745161850858066,2
-3.9115638323276,18.592606267857622,2
-1.1871144307439039,24.63794182286296,2
8.709385211416135,-8.036878651260517,2
19.0774656616752,13.199003513957557,2
-9.896244896980699,22.03320634325579,2
-12.645258174967825,-1.7913338127059966,2
12.804804460943206,26.896349615593923,2
12.208022922737918,-6.927729698170037,2
9.62145788866168,28.245492829839183,2
-11.917328646605025,20.358727416814766,2
-1.2928659042057422,26.937025150168108,2
11.938755133478708,26.83272240435403,2
-14.507520445500283,11.313911196782286,2
19.116314076768724,-6.470332009567363,2
14.8245161963596,-12.554855834571804,2
0.4215235624540181,-7.1465288033053955,2
-14.730452766614345,9.312358887967921,2
19.50959523185964,21.15521886168746,2
8.468685032398156,22.898860670317546,2
8.390482275333571,-8.076832639765271,2
-12.898036208853995,1.9748375206510582,2
9.358655772606909,-8.65767053994322,2
-10.146741783748894,-5.7285705028263845,2
18.130277434766484,-5.641270406693641,2
26.037112731716995,10.662327532889233,2
-4.9746882552924525,24.759996292082768,2
8.1133483859781,28.49716896758158,2
-8.793726212622493,11.732412186621879,2
-13.758713914246435,2.678723008941228,2
11.240877558863692,24.6615190921156,2
24.612850950149742,0.8654781466819541,2
-4.582000496704742,-5.785342198601381,2
-7.631456974913663,10.01810895499073,2
12.870153693548348,-12.953293588911588,2
5.976522320654651,-14.351731084873432,2
2.1188936702935375,21.199514800779326,2
21.345371940152535,18.49531021310584,2
19.873631509170075,13.908192926572285,2
12.945530368092166,26.857450992761837,2
22.733078701628273,10.882322622535531,2
24.522063745544838,5.257273733351202,2
23.476589797205577,18.279088243860205,2
2.333930484636222,-11.014925301279714,2
-7.072609355508932,24.31313402863497,2
4.123127837826319,-6.012052501557017,2
-15.310971490478263,13.228413099641092,2
23.535769047887694,1.0952473668311224,2
14.816195318610632,-6.812274281636224,2
-4.80400765644729,-8.351424177441206,2
-14.560699200640979,11.7314185935542,2
-15.038688831532834,0.7690892069749786,2
-0.9650774940187654,23.69344199791935,2
18.79370924951573,-3.62903402609067,2
19.543919310302485,21.009713422382305,2
4.215954102413952,26.29794500541657,2
17.017400454122168,-10.649193372525282,2
17.707589846466803,-8.869417566049526,2
8.578981226494488,-8.952864608374613,2
-3.3151525008296616,26.90493112829928,2
23.7197022750036,-3.7046488557771102,2
-10.541370644257134,-1.490660744154546,2
-0.9549921944487512,-13.518043783470215,2
4.802612540754279,-13.159752871730092,2
-11.942260815059452,19.90589516591183,2
-2.190012366475716,24.630689420120504,2
4.476838791213054,-7.507265290634489,2
-2.3069522699198943,-7.878953980497105,2
24.423955559410416,12.966193366543727,2
12.970922324160654,-5.2356703647840686,2
-13.225063333015328,-0.27776452309618627,2
-8.152059912319176,-4.667149181849554,2
-1.8837726289502665,-13.742744867044173,2
-12.710068573488286,20.000702594652225,2
14.882145463650655,-12.240107917222911,2
12.061015022359562,21.477379821487702,2
23.30380883824296,7.949432459879461,2
-0.865628169436711,24.088086135601408,2
-6.90381915344663,21.13466578606515,2
10.284209905826486,22.760728037668407,2
23.82507259897259,11.2685777497881,2
-6.320802490660679,21.632441715424896,2
16.981911732490573,22.705360878668486,2
25.15000393350455,1.2091958217970165,2
10.173118471273279,24.358758451062478,2
6.505873746388121,-9.042706012698787,2
1.604065747816608,-9.163961747029553,2
7.2599233171920865,-12.613290431396369,2
13.828738878874853,-8.232042672093833,2
15.791678468037373,-2.163360840948517,2
4.0223491744889515,-7.084754424104563,2
-12.19655911979407,10.868333657499882,2
14.220557708041408,26.196758072513195,2
-4.624260275122779,-10.410973225237715,2
3.9827491564688406,25.506911946003587,2
-12.595796191689917,0.08953987579354727,2
-9.932083884090666,-3.6130974401935276,2
19.887664978741995,16.05532484977651,2
23.14763470718966,13.019045196678526,2
-12.30826557379454,11.814560076682005,2
-5.0748734000001114,-7.124804391678731,2
-14.378522463106851,17.283167582674984,2
25.310010278225963,-1.1262594768400334,2
22.97647899029944,-4.391775842557037,2
-6.852744641137779,15.021746873615072,2
-12.706744428513971,-3.1145174992212965,2
15.065603659784653,-3.572974903147271,2
-6.2196544974777375,-1.3036055746332131,2
-1.716927479529888,21.991343613077035,2
14.266031195314511,-5.700638197246345,2
-4.951915896808702,-2.7354855552536,2
14.839760011242227,-10.858649455711284,2
-4.408851448063821,25.800820722232025,2
-8.580026843486941,17.29835705243618,2
1.9585496604359993,26.4176867177293,2
-12.45796069118953,3.5207900860871497,2
18.462161269029618,12.941274136896158,2
-13.56595514055244,6.861966081700215,2
16.76605570414182,15.929178356598156,2
25.04978535390806,7.826432048220911,2
-9.21462464489289,11.671286231129415,2
-15.56673613649853,10.66098577724722,2
-8.667043817416266,22.25321095019313,2
26.76209453405595,3.873871622641948,2
6.22590665768375,-12.666725067047508,2
9.124169392330044,-10.260808851949122,2
20.041894615087337,17.309557672432902,2
6.222502943141508,-12.80263462355223,2
-15.335195956372988,8.249157348698265,2
24.373247021206208,10.26501377238054,2
23.225855574936173,-3.381911784423222,2
2.427425401992931,25.45673356661141,2
18.562503794063474,-3.4085466974214373,2
9.875519585359765,26.49566485811982,2
0.5431446919903493,24.896382165707575,2
10.216960570889224,22.371447436429747,2
4.07290245770712,-9.653433934602884,2
20.17845559205633,-0.232047140081324,2
-11.809546475348775,18.75080452797066,2
-9.140205631392286,3.131222662311731,2
-10.052872376179126,-2.8218330882202878,2
-15.250623185764127,10.620215092595913,2
-13.283897890420267,18.836613605349456,2
18.12273158776675,-7.46876652107543,2
0.3644911973729812,25.520151715192906,2
6.728497474232411,24.228320382873303,2
-5.97157483551638,16.627899362542305,2
15.983740518931056,-6.9468975092577505,2
-0.6008728773174212,-13.865975998476678,2
-11.247707541408992,-3.2171940312315392,2
11.853633662699274,24.517695714942374,2
-13.169782554073745,10.78906261801503,2
12.096816581427893,-9.951386086101717,2
-16.214245418278406,9.497059840244072,2
13.49078541538011,24.920044722425615,2
18.2842031815878,-5.789485402392655,2
0.20089644774367876,21.506381154751423,2
-8.699789165380817,19.142820902166186,2
-2.705211288876373,25.516771026650712,2
13.05706039213414,25.08484499497173,2
15.378117952812193,-5.448292078214889,2
-1.1323441994870995,-8.966360135235826,2
15.97401815228433,-3.1496463192948827,2
20.111623109032145,13.453377273770496,2
-11.1139103362541,3.6650223154902806,2
13.930726694867447,20.142592461027956,2
-7.192129976245523,16.925966382878386,2
-10.05530300274315,18.43347646163888,2
5.764069855065889,-14.073791979711409,2
15.288233026910214,19.019672356355322,2
12.277603771603877,23.72632998747151,2
-15.280103270611718,1.9628044222864043,2
13.014501203287555,26.655968207833084,2
-7.939710816198453,18.63613323036537,2
1.4939617438817914,21.706561127944088,2
-9.803951796971278,-1.6993075868586143,2
0.12059053121708008,-12.792860250703239,2
5.4486920277380975,23.470271114268428,2
-1.3994274177870523,-4.7790890603716925,2
1.3021921561637142,-13.117986927035993,2
19.44636707134847,13.999543535698898,2
-13.544887088697461,-0.12918855203116486,2
11.178904688275827,-13.875740043527966,2
11.98174345350063,-13.503600110628035,2
-10.595051941869041,-7.37643535048495,2
20.827183385028142,5.686008520402144,2
-2.0804850598883533,-10.227663934952382,2
25.889105098783944,13.872968173493222,2
21.48434856564896,-5.484002816334144,2
14.766906661487079,24.639716233889892,2
-0.7299161854291771,-10.622825770255602,2
18.76161709103956,23.16761237246065,2
8.25528164784222,24.629911782815267,2
-12.512113727679786,-5.75912876098964,2
17.543482349749333,-6.769073355342828,2
-11.050948728396104,-6.305770734022968,2
20.741880389601423,14.292341003216418,2
17.510977392484172,16.87446785765949,2
-12.840702900376872,8.45647262273591,2
-8.365664197066533,18.14857007009712,2
-1.7110810743803277,-3.578356144784685,2
18.15944620291685,23.449278437394618,2
18.29673972705187,-1.12875842089246,2
-4.304066679619796,-6.528069920637531,2
0.9382341621426651,-11.720213819647213,2
-10.703053631974742,1.9908341782468453,2
17.56918492101895,9.306974012775168,2
-9.953125318817134,22.368658617878708,2
-0.4061913580411298,24.932458965427294,2
-6.554051100573663,11.746112996590405,2
4.7593741645814935,26.545562472802683,2
-6.780352563559932,-9.768300346746187,2
1.519710968890954,-11.501531352155396,2
-11.100995429856983,-4.7266271764609655,2
5.015380210686954,26.526614575390433,2
-6.542842565334164,0.9834838728328918,2
19.728408382518644,22.85727018455865,2
18.458756097098565,-7.622065027174875,2
11.562634113582055,27.774315424631343,2
3.239437222283406,-10.211688376673987,2
1.5424234588956929,28.41975871055863,2
20.55531380946679,0.5158111941482968,2
-3.1569173767633334,-6.678047032769028,2
24.513752475319695,3.401172023280814,2
3.7267470337553013,-11.11990462178418,2
3.2043544620405715,-8.349613159300851,2
-1.808633743049013,18.98328309324866,2
-13.108806924886359,19.163166806463707,2
-13.650607434701364,8.682875826128527,2
-9.112871556596126,16.208394528384765,2
9.895507097689098,23.517445649879914,2
-8.22080237807712,-3.3711184689976577,2
25.755636881017455,10.70250272027001,2
-9.168931331885759,0.5931708761937156,2
-1.778903526059521,26.202058502446338,2
-8.077661136331681,-1.1537014539449455,2
25.63646746161348,-0.21758843718780074,2
16.98233569199783,18.371643298053,2
22.17746858987326,13.402850142959327,2
19.455436403510266,-4.72027588321985,2
10.795250178896348,-5.137691408867058,2
23.760193771118235,12.336368117614942,2
-7.831806111684747,23.34542367647786,2
24.28524369355391,17.557711926459433,2
24.360704749896673,-3.125365684720789,2
-2.9753902502529215,26.643522806010346,2
3.6238266730379363,27.797180147836695,2
22.164968671315144,16.409845093070025,2
13.866686964784192,-4.356236738732443,2
-14.49829020133425,-2.6774234302695703,2
16.127191274813647,22.28444151013604,2
19.683244117527956,-1.3504738034049453,2
-14.686098800213156,-1.0030225052074648,2
9.72516810655781,19.04345706171409,2
18.798248197332185,18.91033220018639,2
1.538562387954149,24.925204657919696,2
-7.813892284556237,-7.724535901267444,2
-16.95005036192812,6.3152560580237544,2
11.57319844597329,20.01067966112437,2
26.570688767903935,4.778653465485346,2
-8.052086918823822,-7.834721630137976,2
19.982460119856615,-4.45056497116482,2
20.71979187541782,-4.4376553103156695,2
-0.9330339379807011,19.551155060474258,2
12.983898813864036,22.45294278974154,2
9.116300254916448,22.42177846952427,2
21.382884858320548,18.93431022938778,2
8.660126343997245,22.54662108160512,2
-0.9632418237464311,-6.429743859973314,2
-1.6150362402006602,-5.948464442072751,2
19.991555669362466,-6.913762732420974,2
-11.626050641977418,17.217097027141065,2
-7.8120806477707365,-4.170756152687298,2
14.630835477094598,-7.548507246095214,2
21.312757715882633,12.476862264805039,2
-6.029305177989768,-8.341597103083853,2
9.820996336675385,21.26756157890768,2
-0.7010914422269172,-7.966885896149327,2
-8.953630745985878,-9.801094463313493,2
-12.801196483395408,9.683145240170653,2
-6.1380072854499925,20.12977205452194,2
-5.440512621346954,-10.166745136111885,2
-7.990427666742587,0.07706323248369973,2
-6.895867427019031,-6.111284675653602,2
26.792398955542996,9.41509715637352,2
-4.229638608611886,-11.059938168214916,2
22.689005469784302,2.679932733679136,2
-8.53287943466554,-1.3648671939347317,2
13.195201889803815,24.578532319467264,2
-13.717393317232418,-2.1617664548875304,2
15.09428539240418,-7.4927597788151115,2
19.57188150049282,-7.128289930930931,2
5.684707036813984,20.788952878545956,2
21.59357491135493,15.576518474708871,2
18.405206915014574,14.79139156358784,2
-2.2539122027839733,26.224459888890113,2
20.843386008486497,-1.9766692663850396,2
16.761687395351807,23.5375513686354,2
1.0910485394535452,24.480140581920526,2
12.217909043732195,-12.43638732734841,2
17.593726364540313,-9.258995754595023,2
25.231054080563393,9.608567196700848,2
12.050688943426948,-9.914076653048689,2
19.41190651178856,0.7931543978324909,2
16.391462445103556,-3.877312297043227,2
-6.9338956012125905,20.767520032667413,2
18.257847207571245,9.125796696871497,2
26.330253436085798,7.334339633003246,2
-1.2551801844976849,-7.7064646591417105,2
24.717012431206236,-1.7324729847036995,2
-12.447220427875838,3.4781796898673782,2
-8.256216297265508,-0.4265602979339782,2
-14.771876001001278,9.187258550552444,2
-12.58994782011208,10.510520841430584,2
22.267893290214293,17.513398225282124,2
18.447142056998892,30.214418596552893,1
-20.73175565976938,5.647290356247673,1
-16.24910009067476,29.30147096110425,1
5.161741554686015,-24.08845310774408,1
13.813882792467831,-21.553665128377595,1
-16.718640101576266,-13.322723690665939,1
28.709895757419794,21.202322414378195,1
23.980768352757757,-18.005219540269216,1
-18.122047079285256,-9.404662259756293,1
3.7687074909177847,-23.565563607764183,1
13.24105691633708,-20.494579002784892,1
-24.28339286757867,18.15544972859152,1
-19.829597497974387,-0.8105425896245197,1
25.2382190663022,23.388773293107192,1
-22.021292266188787,-1.1771070682826306,1
32.82897839713668,-8.039690869038264,1
35.768836587453464,15.404067742535421,1
3.5094123967594006,-18.398345632225954,1
22.52163050993741,33.74612914086427,1
-15.161776806030794,-13.319176068523241,1
-17.214678629335246,15.449051355945844,1
25.986434277375913,27.979467582297918,1
5.616462018761511,33.84521673052235,1
-12.361466971360823,-15.369310248134301,1
-11.377651234263947,-13.252648600567294,1
26.01185613913548,28.602208966195036,1
24.557319170947878,27.24170488861901,1
-24.885708894898286,0.2133141174089328,1
34.7227547911389,-1.307531487707804,1
-24.772629786173287,6.22499179995895,1
-23.768593875675318,-3.0746787476964847,1
31.18383148071521,22.587486791539938,1
5.214989265522314,-18.191751197153764,1
-18.085805554903605,24.15750537988861,1
18.652951593663936,-20.712585021108985,1
19.0870941579634,-12.82146363631766,1
-17.089671971169636,-5.4136192742833344,1
-4.3115855121338225,-21.165363003196656,1
33.23363835482185,15.260087604030822,1
1.1104901673660525,-16.396743467843038,1
-12.052246291294136,-10.67658157803707,1
-26.01841472003565,14.586177415881075,1
-17.75585487671106,21.994543834897136,1
28.444954925559593,-12.131816887500314,1
13.549140674653607,33.25001396555896,1
32.21168474758802,15.765546652096939,1
4.504720697684719,35.789581662949686,1
-3.403242474083914,-21.00526423812312,1
-14.626849896600373,22.911286884867263,1
11.379444055112305,33.60330160003491,1
6.847479095254922,37.600592802572855,1
-11.596209569747458,-12.91478359884066,1
-2.183619550102118,-21.539117051188217,1
-12.832946580648763,31.204828229250634,1
13.734248822489306,-22.78604563638526,1
-14.471553794344679,30.72850723720232,1
33.84895664130252,4.270527341926914,1
-0.6757198241793096,38.35503642476219,1
-5.7086065887448605,-15.487894614704913,1
-13.850587979921006,-10.500864148281146,1
3.6389404995725676,37.05851504077373,1
22.4424353760817,33.404788758404415,1
-14.325857608622773,20.97544625367044,1
1.5873705479125348,37.446543649185976,1
32.792977183354424,-6.930725500251542,1
-21.46419547736311,11.605089942495983,1
-20.0998299592316,-1.5556804251546374,1
-5.997326808745003,-12.840000233625961,1
26.881782608758336,2.3720802948516644,1
-13.33673759300272,-13.066333676760763,1
-10.864708708914637,34.07464552839498,1
16.900855811022687,32.19607300824795,1
17.148893804619533,35.583763313145724,1
-9.894965446248499,-19.320007516604925,1
30.96176797932051,3.4728288441298663,1
-7.891024064134056,-14.463669792292986,1
5.933773761755628,31.795191248201203,1
-23.83506658576992,-0.13887178583154203,1
-16.020930515780066,30.57506026544835,1
-12.33629921879502,-19.131478720699082,1
-5.765210133403478,36.31293822659384,1
-1.6346169080677155,-17.234819498005894,1
-6.767974539672979,35.03034463501594,1
5.231802956092296,33.41260495174015,1
25.647420756641267,27.14224245786119,1
-3.9867081505562805,-16.913091576746105,1
36.505423988187886,7.110912165207413,1
-8.56891023676117,33.85848306833756,1
-5.278564742048292,-22.231768123588612,1
13.917749691278948,-15.750184030269057,1
-22.060496932773248,14.414175970781162,1
3.0484663409864763,35.962226012362215,1
-18.06951188170713,-14.497426222554939,1
-5.353228591905518,-18.84701120999474,1
2.2279816937016528,30.06628403449907,1
11.775998371733394,-19.302184439410357,1
15.905909973729688,30.814997895946746,1
-26.690260172767037,4.647504038002871,1
18.628007322115067,34.54555897829999,1
-24.341757221607583,19.43740050242249,1
-14.18963548184459,-14.247757533808947,1
-6.005304853958213,-13.562636112322235,1
-7.582613646281667,32.43571197089596,1
6.769148501437108,-24.75946326210185,1
-14.06083334089682,28.74777949910118,1
-19.667742537486355,-11.62206490208397,1
12.37560469878322,-19.52001360437448,1
25.81565229724032,26.08544381761236,1
-5.203493172640929,-16.571169633944738,1
14.470364532092363,-21.962404008007173,1
-24.601897838140506,14.811803204605306,1
-22.145884973211434,6.732805012710308,1
6.402259064527261,37.178044195920585,1
14.233036387469204,35.05343554704817,1
-26.262490990034962,1.9218922319167628,1
-21.08671437426354,-0.9445692113250761,1
-7.9542556726912235,34.62442944254289,1
-15.400259977912444,30.452523386787306,1
9.827795599442387,-15.853341795771954,1
-13.704515904604023,-15.277621851966607,1
12.136123794246242,32.07844564357987,1
36.366848996946025,2.6809015462119987,1
0.5896276081904919,-21.663007465526125,1
-18.266529727807338,-4.923329143918112,1
-21.605868844067675,19.097458689713317,1
21.040336403715905,-20.50867651838626,1
-20.53045812456575,17.90082942089176,1
29.1075488038313,-11.443576827950285,1
29.056364169187034,-2.0677064546467676,1
21.27194150514187,-14.921942652587312,1
-23.226813526812485,21.72314356829345,1
-16.089735072499877,28.02469736957648,1
12.908002780260988,-15.210806787857845,1
3.2641998326401946,36.194018317284474,1
-22.80584712949375,22.660082871984795,1
-17.046744992352036,26.168820645525894,1
-6.919267734357911,31.641668609617323,1
-17.418649873312425,-14.868447480189836,1
-20.17563768877795,14.773953389808725,1
-21.71191033630374,-1.9356280074616663,1
-22.421205790677583,15.531882533254858,1
6.130659214103819,38.5227953263002,1
-22.9771735332802,8.537654496159053,1
-9.889929554703382,32.03743339282403,1
-7.30214108507991,-18.015689448443485,1
34.862780135647796,7.638241739555214,1
-22.653521095577798,17.638864094670595,1
18.231665899421273,-19.406087588801288,1
31.520104743189798,2.7614354203322256,1
22.805834207830365,23.365901142692497,1
-12.416497887065756,-15.92544056240386,1
-16.396530769142622,-10.124332615374936,1
26.126127839406763,22.31485294913552,1
-12.149836790408028,-12.096576171439004,1
-21.078639653349203,-5.310556931512206,1
34.24061070538623,5.549908356501182,1
26.119205219027382,29.533411096570482,1
2.8729841693804543,-20.581741616468737,1
20.121822898785712,34.31186015301948,1
26.498801883035586,-13.345658343036856,1
-12.245128332678355,30.48807521989362,1
8.54609240754507,36.830514711436784,1
-12.85734681093204,29.355052250809603,1
-3.061685122125084,-18.358187511845458,1
22.912469441068318,31.084561543401446,1
29.407539539580352,18.089234966932167,1
-5.853451606976723,-20.733333423066593,1
-7.927095906629768,35.92467856738443,1
15.137179889496434,33.503094397336355,1
28.82677154618717,21.90825806542695,1
-1.590445512916891,-23.16793538934585,1
34.35224273926139,3.445821025146746,1
-12.432348589416666,33.595226943149214,1
17.587859061562938,-20.907112021886352,1
19.932484638301794,-13.128902920000861,1
-9.83674289622681,29.816919570291674,1
21.40934341818687,-12.28350385058939,1
7.728651554314926,-22.941586655682418,1
34.743420423512006,13.038803498415515,1
-16.91489306867752,13.90852888261236,1
6.821043725028,-23.163447501857725,1
-18.869626191848194,24.596343367326895,1
20.816037085864757,32.4727517421523,1
9.699733150523851,36.3934167624398,1
15.680007930121306,31.997563926384583,1
9.28737239882981,34.06447374843904,1
-13.947796934816516,-6.73167205357225,1
10.846873573872376,-19.156230768923482,1
-14.956095362914859,-14.96405725099245,1
-4.18839458624428,-22.805715412452642,1
32.68419255449257,6.00761035278955,1
11.73149567674416,-15.271540311741774,1
19.233312509218123,33.54096954915949,1
29.757821311313908,2.8182371910874178,1
-8.471326606441451,35.30367423934871,1
-3.4710902273990296,31.330607954910732,1
23.336708046917032,28.26921027061548,1
-13.968463794976447,-16.68874815499874,1
16.92519160989098,35.14014120659409,1
-0.794999565632132,-23.379165215204694,1
26.48593128297413,23.54585756825411,1
-13.046666206514761,-18.56035024678701,1
33.65317248806757,13.381733901980144,1
-21.35439536992847,9.509235395004186,1
-1.3146811658255437,32.47987547709979,1
24.94940814071585,-8.315956340765135,1
-24.071162970854058,-6.078922030324048,1
-14.064658831433785,30.5555420609873,1
-9.64963571284899,34.05245140918204,1
35.30783750141378,7.966027865140216,1
42.064744383087216,2.496584986430049,2
39.62602736613876,-13.849745013028208,2
31.032972673541497,-21.473680312328568,2
-35.51206059808402,0.12205224811127469,2
34.492938818810245,36.67718015802116,2
21.106923057136104,43.187939000918064,2
36.03815020815583,23.541569051162146,2
-32.99174198225036,18.9688183074483,2
17.073506606134757,-31.71948695340936,2
-14.916287214146955,41.2429407839078,2
-4.293576760921773,40.66845897535026,2
-12.01324046261346,-31.355311898158845,2
22.42468342794154,-21.804162458446875,2
-36.38744042302396,1.9164912879428915,2
15.450841275488889,46.32211312570051,2
-28.49923386902998,-13.240873014919135,2
-34.3236797015186,8.683137443601858,2
44.773641876755825,5.041202791897196,2
2.712471194560005,42.555104064626754,2
-9.454807123251646,-30.77781910548682,2
-27.925724778015052,25.24863469589672,2
-33.00642376421968,-6.968793152411676,2
40.64693363919523,25.018329107581202,2
-6.5313271215578155,39.77191138234644,2
-25.616995702399375,-20.791013216318717,2
44.64174268305242,15.63977734153152,2
-32.56707227657944,10.213760248132473,2
-18.121339996116905,39.9285047104886,2
-28.46434262284823,19.240222632512534,2
16.357026963352904,-31.65209921561121,2
37.456562937573274,22.61262457569392,2
16.551262666153676,45.321538443536895,2
-5.39333111655573,40.72338464811961,2
30.115173558286006,34.36431856408882,2
33.38182918468409,-11.347642316272943,2
15.87852659516583,-24.236841290895015,2
-3.2634543728601404,41.504683038317474,2
-23.8049628665767,33.18529829484154,2
10.283493134102445,43.12753238631912,2
8.01840188777315,-26.55071477673132,2
29.10560626768989,37.42194843705324,2
-22.305134269396873,-20.515219973285983,2
15.997479196326776,43.924297435839286,2
-27.831602666883583,-7.877641457452963,2
14.290624626907757,41.654742412084026,2
11.336847643573948,-33.41335796631222,2
-1.0233361568290862,48.16773325532161,2
3.6312376608301546,47.27744965353987,2
-25.18851497006813,34.62608891886569,2
37.82102604787707,17.521276270710615,2
-22.952600067093375,-14.262362517441911,2
-16.221709473370222,-29.22320273547549,2
18.838547239249934,42.032550917518165,2
44.223310229911746,0.35827064049702706,2
24.438335585816603,-27.363670186461597,2
24.816664975075355,-22.19464880029281,2
39.647090133965776,27.434760053348402,2
35.84337265187906,32.86785735082222,2
-2.032443328962062,44.85001812257248,2
15.970809116234896,45.04963360876169,2
21.253603604187962,-28.85578125924352,2
10.374372602953073,-32.799032720484476,2
-31.495184611706655,8.161195841475921,2
-35.019675376404095,7.6957381974637435,2
-26.86140924957386,-18.30205254476376,2
-10.259549232463023,43.58709276835475,2
-11.359046616889323,-26.289306160281,2
24.14695393416441,41.93059400580114,2
23.917180088869106,-23.024049480250582,2
37.89648992105611,17.638063997396934,2
39.59407427970286,24.1315432372988,2
-2.20449426507487,-29.9921939010664,2
39.013933741454586,-8.351848396381996,2
44.760465797762684,9.164931021044078,2
-25.90957715815287,-20.507246279193154,2
39.15695765991181,23.759208157854147,2
17.696192809629185,43.082065725368004,2
-10.710268229655162,-27.512196777683293,2
6.461643669820595,45.43634101959681,2
5.675799221340726,43.21903012748183,2
-28.3119153459483,23.11046373868545,2
38.92234832890239,-2.333467851298858,2
-21.13097287448111,-25.84717893958996,2
-28.64989063775849,16.599876497833925,2
-0.7349750787897298,-33.06360419607902,2
-6.655093232118441,47.14601775579094,2
-22.589138495780112,36.53895603479786,2
26.678295843290158,-23.422312889703132,2
39.02786347685521,31.495986248686055,2
1.786710502019123,-29.188490618893717,2
39.574509677230786,7.097601574677776,2
31.688319282518286,31.422471112829406,2
30.830852708188875,-24.87817145171063,2
35.537589076700954,28.925598087867648,2
-0.6581776897983085,42.98248939975503,2
-25.325818399402827,24.56202600888937,2
-34.199336550487004,18.963160885052858,2
-27.421119867340593,27.029258929048293,2
37.47153172594377,-11.433435822573959,2
-15.859371179378325,39.24122199123183,2
43.692986529108325,17.707086285526003,2
-0.08604081293121268,41.74619223472199,2
25.783728342032582,-26.73579115185298,2
-22.960270102537898,36.575603162018524,2
38.77161772597691,-7.223457464344726,2
26.66558176402115,35.628924387526105,2
-34.72905422992884,1.9513952288018297,2
-30.23100914018542,-14.974906071117303,2
-28.97075992320775,-13.203807337769113,2
-2.534830856430137,-33.86722853121851,2
-32.228204337009345,-10.952258429066582,2
39.1181671895453,24.418995740640636,2
38.99395068661228,25.119887295474847,2
35.25303432497671,33.15729810008898,2
40.13432653980103,-14.418601351896044,2
9.22127847696586,40.926914091682406,2
15.043652925151191,-27.859415567301767,2
-19.030584222425443,39.63625104794547,2
34.147630117924095,27.652624055268742,2
32.37215578325298,36.83074739280801,2
-2.360867837330039,-33.37644622490267,2
-24.330247649874355,34.875083208314535,2
-33.75537583571452,12.74702787472791,2
-15.313840065315105,42.567869072255135,2
36.59434757038651,-10.82485278044227,2
2.6643451771518976,-34.15393143555253,2
-32.79038237456154,-4.279390660677743,2
18.001040437894535,-30.357403747411894,2
-22.400713968914637,-15.860282024697199,2
20.710254540600364,-31.308044372072928,2
38.80934830699375,16.137740288686352,2
-23.78181518371298,-20.883523029888714,2
-32.491160003832604,3.6048051094547975,2
35.488960211629376,-15.850097676281543,2
43.93568511743146,7.896423975036714,2
32.000626553728424,32.26184277865562,2
-25.277209996732303,-11.729552866876336,2
-3.309895946783085,46.09929139114329,2
18.74676565846791,-29.154503915445922,2
-8.539785115781086,46.044678915876204,2
-29.974380364097087,-2.975351075423996,2
-36.64375378171937,9.74174482542711,2
46.31471968788972,9.438418463353036,2
-16.774990989486305,38.76388294265202,2
-28.321652976267792,32.54201127859656,2
12.08539513073925,-28.933792107285264,2
24.25687067133737,-29.657246422270624,2
42.19752859958591,22.60774739182899,2
-29.025992866975564,-14.009128201759221,2
16.43019659927217,46.32799896323444,2
0.25143809235319736,-26.747287888042827,2
33.781806984313846,-15.223109515718981,2
44.63274581453974,15.098532609714642,2
-33.56498385087992,-6.2954280042372694,2
-34.190896038558385,10.395066086111783,2
38.30134840059445,-12.124025496015086,2
-33.528659372044636,-8.983268932555568,2
-11.249392182642406,43.361623536304734,2
-18.24254675834166,35.961370432611076,2
13.21852233023186,46.345342149299995,2
38.927570112310235,-10.34870321838265,2
41.00889617366967,-8.64206932513545,2
-14.616192106102424,36.59630682887156,2
43.32127122778838,21.57048707114641,2
-9.754121812861147,-30.495409690734213,2
-18.406171044444335,33.59238905350064,2
-19.949513407894,32.52508825713854,2
7.26162699512129,44.86249009383134,2
31.186281368129457,-25.371312416897425,2
-28.10607526673104,-15.020648110752145,2
26.653490418589396,-27.968827935477016,2
-25.2790932387599,-20.254428718963688,2
9.443401684059175,47.51052618965095,2
26.256002702336865,-27.598391226687284,2
-6.550098951795524,-33.293854474415426,2
-35.73138015896182,-0.3125864869828554,2
-34.11431523375973,-3.853155702058256,2
-16.00619213260694,-28.78627402458462,2
-28.11346191898555,3.2907039111736425,2
35.73801714720845,34.23007117642689,2
-8.740859583881411,45.558210658425246,2
22.937911922244123,39.45054165484354,2
-28.395134782300325,23.4749353187432,2
5.699392606986689,47.509255835983154,2
42.520412616281675,10.238193114799863,2
-18.81766711353081,-27.03032279554499,2
-34.70304591039297,0.08466250863760916,2
-8.57868592376068,39.219744718213796,2
12.09740103866071,-30.89645038415172,2
-6.417024001291047,-27.8465251582017,2
-35.65635420280274,-3.1565401137961544,2
-9.1969312604201,40.62467603223386,2
32.10535578082934,-15.468777493876498,2
44.43251798334962,-0.7128324838500015,2
1.1348637804400492,-34.554817935914464,2
-25.22440092543369,-18.619191320572533,2
37.066707570954804,30.340810505666372,2
-32.358901385669505,10.14426861160974,2
-30.453522837324833,3.1368240286124287,2
12.22166831324664,42.705092653762456,2
-7.120872304310172,-29.987080260871274,2
-23.194626141269655,35.108516478215236,2
-26.494335779638448,21.281680508506014,2
-10.69171570289119,41.12981012929927,2
-2.2753675901044064,42.48848174335328,2
29.63624210103677,31.16687173999462,2
-32.09012872371693,-4.098476153506736,2
7.781617808473136,47.12454122661816,2
-30.842099047762545,3.3657707216791075,2
41.33562115502772,9.694741220332421,2
-3.271605914353014,-31.5018163927759,2
-33.02546932118502,13.959432340831945,2
16.80713714795529,-31.335251518844437,2
-34.711081071167456,13.621992735297951,2
38.57171975802231,-8.524101988749822,2
30.19157923428159,36.418382529251545,2
-19.381300886449328,-17.08760591374219,2
-5.73150739609231,-33.364786990941525,2
-24.426407598230902,36.86322812954198,2
44.43086241466928,16.51700935592811,2
-34.84204214330379,-2.1265137751759227,2
-24.70324112177642,34.4438592450275,2
